,Mission,Sat Name,i,j
0,TUBSAT,TUBSAT-N,0,1
1,TUBSAT,TUBSAT-N1,0,1
2,Artemis,Artemis Louise,3,4
3,Artemis,Artemis Thelma,3,4
4,MEMS,MEMS 1A,6,7
5,MEMS,MEMS 1B,6,7
6,MEMS,MEMS 2A,10,11
7,MEMS,MEMS 2B,10,11
8,MEPSI,MEPSI 1A,13,14
9,MEPSI,MEPSI 1B,13,14
10,ICECube,ICECube 1,31,32
11,ICECube,ICECube 2,31,32
12,MEPSI,MEPSI 2A,45,46
13,MEPSI,MEPSI 2B,45,46
14,STARS,STARS-1 Daughter,69,70
15,STARS,STARS-1 Mother,69,70
16,ZDPS,ZDPS 1A 01,87,88
17,ZDPS,ZDPS 1A 02,87,88
18,Perseus,Perseus 000,93,94
19,Perseus,Perseus 001,93,94
20,Perseus,Perseus 002,93,95
21,Perseus,Perseus 003,93,96
22,QbX,QbX-1,97,98
23,QbX,QbX-2,97,98
24,DICE,DICE-1,107,108
25,DICE,DICE-2,107,108
26,AeroCube,AeroCube-4B,128,129
27,AeroCube,AeroCube-4C,128,129
28,SMDC,SMDC-ONE 2.1,135,136
29,SMDC,SMDC-ONE 2.2,135,136
30,PhoneSat,PhoneSat 1.0a,147,148
31,PhoneSat,PhoneSat 1.0b,147,148
32,PhoneSat,PhoneSat 2.0a,147,149
33,ArduSat,ArduSat,154,155
34,ArduSat,ArduSat-X,154,155
35,ORS,ORS Tech 1,169,170
36,ORS,ORS Tech 2,169,170
37,Prometheus,Prometheus 1-1,173,174
38,Prometheus,Prometheus 1-2,173,174
39,Prometheus,Prometheus 1-3,173,175
40,Prometheus,Prometheus 1-4,173,176
41,Prometheus,Prometheus 1-5,173,177
42,Prometheus,Prometheus 1-6,173,178
43,Prometheus,Prometheus 1-7,173,179
44,Prometheus,Prometheus 1-8,173,180
45,SENSE,SENSE SV1,181,182
46,SENSE,SENSE SV2,181,182
47,CINEMA,CINEMA 2,189,190
48,CINEMA,CINEMA 3,189,190
49,Dove,Dove-3,193,194
50,Dove,Dove-4,193,194
51,AeroCube,AeroCube-5A,213,214
52,AeroCube,AeroCube-5B,213,214
53,FIREBIRD,FIREBIRD A,217,218
54,FIREBIRD,FIREBIRD B,217,218
55,SMDC,SMDC-ONE 2.3,221,222
56,SMDC,SMDC-ONE 2.4,221,222
57,Flock,Flock-1 Dove-1,226,227
58,Flock,Flock-1 Dove-2,226,227
59,Flock,Flock-1 Dove-3,226,228
60,Flock,Flock-1 Dove-4,226,229
61,Flock,Flock-1 Dove-5,226,230
62,Flock,Flock-1 Dove-6,226,231
63,Flock,Flock-1 Dove-7,226,232
64,Flock,Flock-1 Dove-8,226,233
65,Flock,Flock-1 Dove-9,226,234
66,Flock,Flock-1 Dove-10,226,235
67,Flock,Flock-1 Dove-11,226,236
68,Flock,Flock-1 Dove-12,226,237
69,Flock,Flock-1 Dove-13,226,238
70,Flock,Flock-1 Dove-14,226,239
71,Flock,Flock-1 Dove-15,226,240
72,Flock,Flock-1 Dove-16,226,241
73,Flock,Flock-1 Dove-17,226,242
74,Flock,Flock-1 Dove-18,226,243
75,Flock,Flock-1 Dove-19,226,244
76,Flock,Flock-1 Dove-20,226,245
77,Flock,Flock-1 Dove-21,226,246
78,Flock,Flock-1 Dove-22,226,247
79,Flock,Flock-1 Dove-23,226,248
80,Flock,Flock-1 Dove-24,226,249
81,Flock,Flock-1 Dove-25,226,250
82,Flock,Flock-1 Dove-26,226,251
83,Flock,Flock-1 Dove-27,226,252
84,Flock,Flock-1 Dove-28,226,253
85,STARS,STARS-II,263,264
86,AeroCube,AeroCube-6A,271,272
87,AeroCube,AeroCube-6B,271,272
88,BRITE,BRITE-CA 1,274,275
89,BRITE,BRITE-CA 2,274,275
90,Flock,Flock-1c Dove-1,278,279
91,Flock,Flock-1c Dove-2,278,279
92,Flock,Flock-1c Dove-3,278,280
93,Flock,Flock-1c Dove-4,278,281
94,Flock,Flock-1c Dove-5,278,282
95,Flock,Flock-1c Dove-6,278,283
96,Flock,Flock-1c Dove-7,278,284
97,Flock,Flock-1c Dove-8,278,285
98,Flock,Flock-1c Dove-9,278,286
99,Flock,Flock-1c Dove-10,278,287
100,Flock,Flock-1c Dove-11,278,288
101,Perseus,Perseus-M 1,292,293
102,Perseus,Perseus-M 2,292,293
103,QB50P1,QB50P1,296,297
104,QB50P1,QB50P2,296,297
105,CanX,CanX-4,299,300
106,CanX,CanX-5,299,300
107,Flock,Flock-1b Dove-1,305,306
108,Flock,Flock-1b Dove-2,305,306
109,Flock,Flock-1b Dove-3,305,307
110,Flock,Flock-1b Dove-4,305,308
111,Flock,Flock-1b Dove-5,305,309
112,Flock,Flock-1b Dove-6,305,310
113,Flock,Flock-1b Dove-7,305,311
114,Flock,Flock-1b Dove-8,305,312
115,Flock,Flock-1b Dove-9,305,313
116,Flock,Flock-1b Dove-10,305,314
117,Flock,Flock-1b Dove-11,305,315
118,Flock,Flock-1b Dove-12,305,316
119,Flock,Flock-1b Dove-13,305,317
120,Flock,Flock-1b Dove-14,305,318
121,Flock,Flock-1b Dove-15,305,319
122,Flock,Flock-1b Dove-16,305,320
123,Flock,Flock-1b Dove-17,305,321
124,Flock,Flock-1b Dove-18,305,322
125,Flock,Flock-1b Dove-19,305,323
126,Flock,Flock-1b Dove-20,305,324
127,Flock,Flock-1b Dove-21,305,325
128,Flock,Flock-1b Dove-22,305,326
129,Flock,Flock-1b Dove-23,305,327
130,Flock,Flock-1b Dove-24,305,328
131,Flock,Flock-1b Dove-25,305,329
132,Flock,Flock-1b Dove-26,305,330
133,Flock,Flock-1b Dove-27,305,331
134,Flock,Flock-1b Dove-28,305,332
135,Flock,Flock-1d Dove-1,339,340
136,Flock,Flock-1d Dove-2,339,340
137,Flock,Flock-1d Dove-3,339,341
138,Flock,Flock-1d Dove-4,339,342
139,Flock,Flock-1d Dove-5,339,343
140,Flock,Flock-1d Dove-6,339,344
141,Flock,Flock-1d Dove-7,339,345
142,Flock,Flock-1d Dove-8,339,346
143,Flock,Flock-1d Dove-9,339,347
144,Flock,Flock-1d Dove-10,339,348
145,Flock,Flock-1d Dove-11,339,349
146,Flock,Flock-1d Dove-12,339,350
147,Flock,Flock-1d Dove-13,339,351
148,Flock,Flock-1d Dove-14,339,352
149,Flock,Flock-1d Dove-15,339,353
150,Flock,Flock-1d Dove-16,339,354
151,Flock,Flock-1d Dove-17,339,355
152,Flock,Flock-1d Dove-18,339,356
153,Flock,Flock-1d Dove-19,339,357
154,Flock,Flock-1d Dove-20,339,358
155,Flock,Flock-1d Dove-21,339,359
156,Flock,Flock-1d Dove-22,339,360
157,Flock,Flock-1d Dove-23,339,361
158,Flock,Flock-1d Dove-24,339,362
159,Flock,Flock-1d Dove-25,339,363
160,Flock,Flock-1d Dove-26,339,364
161,Flock,Flock-1d' 1,368,369
162,Flock,Flock-1d' 2,368,369
163,FIREBIRD,FIREBIRD-2 C,371,372
164,FIREBIRD,FIREBIRD-2 D,371,372
165,Flock,Flock-1e 1,376,377
166,Flock,Flock-1e 2,376,377
167,Flock,Flock-1e 3,376,378
168,Flock,Flock-1e 4,376,379
169,Flock,Flock-1e 5,376,380
170,Flock,Flock-1e 6,376,381
171,Flock,Flock-1e 7,376,382
172,Flock,Flock-1e 8,376,383
173,Flock,Flock-1e 9,376,384
174,Flock,Flock-1e 10,376,385
175,Flock,Flock-1e 11,376,386
176,Flock,Flock-1e 12,376,387
177,Flock,Flock-1e 13,376,388
178,Flock,Flock-1e 14,376,389
179,AeroCube,AeroCube-8A,390,391
180,AeroCube,AeroCube-8B,390,391
181,OptiCube,OptiCube 1,395,396
182,OptiCube,OptiCube 2,395,396
183,OptiCube,OptiCube 3,395,397
184,Flock,Flock-1f 1,400,401
185,Flock,Flock-1f 2,400,401
186,Flock,Flock-1f 3,400,402
187,Flock,Flock-1f 4,400,403
188,Flock,Flock-1f 5,400,404
189,Flock,Flock-1f 6,400,405
190,Flock,Flock-1f 7,400,406
191,Flock,Flock-1f 8,400,407
192,Flock,Flock-2b 1,410,411
193,Flock,Flock-2b 2,410,411
194,Flock,Flock-2b 3,410,412
195,Flock,Flock-2b 4,410,413
196,Flock,Flock-2b 5,410,414
197,Flock,Flock-2b 6,410,415
198,Flock,Flock-2b 7,410,416
199,Flock,Flock-2b 8,410,417
200,Flock,Flock-2b 9,410,418
201,Flock,Flock-2b 10,410,419
202,Flock,Flock-2b 11,410,420
203,Flock,Flock-2b 12,410,421
204,Flock,Flock-2b 13,410,422
205,Flock,Flock-2b 14,410,423
206,Dust,Dust 1,428,429
207,Dust,Dust 2,428,429
208,Dust,Dust 3,428,430
209,Dust,Dust 4,428,431
210,XW,XW-2B,435,436
211,XW,XW-2C,435,436
212,XW,XW-2D,435,437
213,XW,XW-2E,438,439
214,XW,XW-2F,438,439
215,TW,TW-1B,442,443
216,TW,TW-1C,442,443
217,Lemur,Lemur-2 1 Joel,445,446
218,Lemur,Lemur-2 2 Peter,445,446
219,Lemur,Lemur-2 3 Jeroen,445,447
220,Lemur,Lemur-2 4 Chris,446,448
221,PropCube,PropCube 1,455,456
222,PropCube,PropCube 3,455,456
223,SINOD,SINOD-D 1,457,458
224,SINOD,SINOD-D 3,457,458
225,SNaP,SNaP-3 A ALICE (,459,460
226,SNaP,SNaP-3 B EDDIE (,459,460
227,SNaP,SNAP-3 C JIMI,459,461
228,EDSN,EDSN 1,463,464
229,EDSN,EDSN 2,463,464
230,EDSN,EDSN 3,463,465
231,EDSN,EDSN 4,463,466
232,EDSN,EDSN 5,463,467
233,EDSN,EDSN 6,463,468
234,EDSN,EDSN 7,463,469
235,EDSN,EDSN 8,463,470
236,Flock,Flock-2e 1,476,477
237,Flock,Flock-2e 2,476,477
238,Flock,Flock-2e 3,476,478
239,Flock,Flock-2e 4,476,479
240,Flock,Flock-2e 5,476,480
241,Flock,Flock-2e 6,476,481
242,Flock,Flock-2e 7,476,482
243,Flock,Flock-2e 8,476,483
244,Flock,Flock-2e 9,476,484
245,Flock,Flock-2e 10,476,485
246,Flock,Flock-2e 11,476,486
247,Flock,Flock-2e 12,476,487
248,Nodes,Nodes J,489,490
249,Nodes,Nodes K,489,490
250,Flock,Flock-2e' 1,497,498
251,Flock,Flock-2e' 2,497,498
252,Flock,Flock-2e' 3,497,499
253,Flock,Flock-2e' 4,497,500
254,Flock,Flock-2e' 5,497,501
255,Flock,Flock-2e' 6,497,502
256,Flock,Flock-2e' 7,497,503
257,Flock,Flock-2e' 8,497,504
258,Flock,Flock-2e' 9,497,505
259,Flock,Flock-2e' 10,497,506
260,Flock,Flock-2e' 11,497,507
261,Flock,Flock-2e' 12,497,508
262,Flock,Flock-2e' 13,497,509
263,Flock,Flock-2e' 14,497,510
264,Flock,Flock-2e' 15,497,511
265,Flock,Flock-2e' 16,497,512
266,Flock,Flock-2e' 17,497,513
267,Flock,Flock-2e' 18,497,514
268,Flock,Flock-2e' 19,497,515
269,Flock,Flock-2e' 20,497,516
270,Lemur,Lemur-2 5 Theresacondor,517,518
271,Lemur,Lemur-2 6 Kane,517,518
272,Lemur,Lemur-2 9 Cubecheese,517,521
273,Lemur,Lemur-2 11 Bridgeman,517,523
274,Lemur,Lemur-2 7 Nick-Allain,518,519
275,Lemur,Lemur-2 8 Jeff,518,520
276,Lemur,Lemur-2 12 Nate,518,524
277,Lemur,Lemur-2 10 DrMuzz,522,524
278,Lemur,Lemur-2 13 Beccadewey,523,525
279,Flock,Flock-2p 1,532,533
280,Flock,Flock-2p 2,532,533
281,Flock,Flock-2p 3,532,534
282,Flock,Flock-2p 4,532,535
283,Flock,Flock-2p 5,532,536
284,Flock,Flock-2p 6,532,537
285,Flock,Flock-2p 7,532,538
286,Flock,Flock-2p 8,532,539
287,Flock,Flock-2p 9,532,540
288,Flock,Flock-2p 10,532,541
289,Flock,Flock-2p 11,532,542
290,Flock,Flock-2p 12,532,543
291,Lemur,Lemur-2 15 Xiaoqing,553,555
292,Lemur,Lemur-2 17 Wingo,553,555
293,AeroCube,AeroCube-8C,559,560
294,AeroCube,AeroCube-8D,559,560
295,Prometheus,Prometheus 2.1,563,564
296,Prometheus,Prometheus 2.3,563,564
297,Lemur,Lemur-2 18 Trutna,570,571
298,Lemur,Lemur-2 19 TrutnaHD,570,571
299,Lemur,Lemur-2 20 Austintacious,570,572
300,STARS,STARS-C Koki,575,576
301,STARS,STARS-C Oyaki,575,576
302,Flock,Flock-3p 1,588,589
303,Flock,Flock-3p 2,588,589
304,Flock,Flock-3p 3,588,590
305,Flock,Flock-3p 4,588,591
306,Flock,Flock-3p 5,588,592
307,Flock,Flock-3p 6,588,593
308,Flock,Flock-3p 7,588,594
309,Flock,Flock-3p 8,588,595
310,Flock,Flock-3p 9,588,596
311,Flock,Flock-3p 10,588,597
312,Flock,Flock-3p 11,588,598
313,Flock,Flock-3p 12,588,599
314,Flock,Flock-3p 13,588,600
315,Flock,Flock-3p 14,588,601
316,Flock,Flock-3p 15,588,602
317,Flock,Flock-3p 16,588,603
318,Flock,Flock-3p 17,588,604
319,Flock,Flock-3p 18,588,605
320,Flock,Flock-3p 19,588,606
321,Flock,Flock-3p 20,588,607
322,Flock,Flock-3p 21,588,608
323,Flock,Flock-3p 22,588,609
324,Flock,Flock-3p 23,588,610
325,Flock,Flock-3p 24,588,611
326,Flock,Flock-3p 25,588,612
327,Flock,Flock-3p 26,588,613
328,Flock,Flock-3p 27,588,614
329,Flock,Flock-3p 28,588,615
330,Flock,Flock-3p 29,588,616
331,Flock,Flock-3p 30,588,617
332,Flock,Flock-3p 31,588,618
333,Flock,Flock-3p 32,588,619
334,Flock,Flock-3p 33,588,620
335,Flock,Flock-3p 34,588,621
336,Flock,Flock-3p 35,588,622
337,Flock,Flock-3p 36,588,623
338,Flock,Flock-3p 37,588,624
339,Flock,Flock-3p 38,588,625
340,Flock,Flock-3p 39,588,626
341,Flock,Flock-3p 40,588,627
342,Flock,Flock-3p 41,588,628
343,Flock,Flock-3p 42,588,629
344,Flock,Flock-3p 43,588,630
345,Flock,Flock-3p 44,588,631
346,Flock,Flock-3p 45,588,632
347,Flock,Flock-3p 46,588,633
348,Flock,Flock-3p 47,588,634
349,Flock,Flock-3p 48,588,635
350,Flock,Flock-3p 49,588,636
351,Flock,Flock-3p 50,588,637
352,Flock,Flock-3p 51,588,638
353,Flock,Flock-3p 52,588,639
354,Flock,Flock-3p 53,588,640
355,Flock,Flock-3p 54,588,641
356,Flock,Flock-3p 55,588,642
357,Flock,Flock-3p 56,588,643
358,Flock,Flock-3p 57,588,644
359,Flock,Flock-3p 58,588,645
360,Flock,Flock-3p 59,588,646
361,Flock,Flock-3p 60,588,647
362,Flock,Flock-3p 61,588,648
363,Flock,Flock-3p 62,588,649
364,Flock,Flock-3p 63,588,650
365,Flock,Flock-3p 64,588,651
366,Flock,Flock-3p 65,588,652
367,Flock,Flock-3p 66,588,653
368,Flock,Flock-3p 67,588,654
369,Flock,Flock-3p 68,588,655
370,Flock,Flock-3p 69,588,656
371,Flock,Flock-3p 70,588,657
372,Flock,Flock-3p 71,588,658
373,Flock,Flock-3p 72,588,659
374,Flock,Flock-3p 73,588,660
375,Flock,Flock-3p 74,588,661
376,Flock,Flock-3p 75,588,662
377,Flock,Flock-3p 76,588,663
378,Flock,Flock-3p 77,588,664
379,Flock,Flock-3p 78,588,665
380,Flock,Flock-3p 79,588,666
381,Flock,Flock-3p 80,588,667
382,Flock,Flock-3p 81,588,668
383,Flock,Flock-3p 82,588,669
384,Flock,Flock-3p 83,588,670
385,Flock,Flock-3p 84,588,671
386,Flock,Flock-3p 85,588,672
387,Flock,Flock-3p 86,588,673
388,Flock,Flock-3p 87,588,674
389,Flock,Flock-3p 88,588,675
390,INS,INS 1A,676,677
391,INS,INS 1B,676,677
392,Lemur,Lemur-2 22 Jobanputra,678,679
393,Lemur,Lemur-2 23 Spire-Minions,678,679
394,Lemur,Lemur-2 24 Satchmo,678,680
395,Lemur,Lemur-2 25 RDeaton,678,681
396,Lemur,Lemur-2 28 NoguesCorreig,679,684
397,Lemur,Lemur-2 26 Smita-Sharad,680,682
398,Lemur,Lemur-2 27 Mia-Grace,680,683
399,Lemur,Lemur-2 29 Tachikoma,680,685
400,Lemur,Lemur-2 30 JennyBarna,704,705
401,Lemur,Lemur-2 31 Angela,704,705
402,Lemur,Lemur-2 32 SpiroVision,706,707
403,Lemur,Lemur-2 33 RobMoore,706,707
404,BIRD,BIRD-G,728,729
405,BIRD,BIRD-J,728,729
406,BIRD,BIRD-M,728,730
407,Tanyusha,Tanyusha-YuZGU 1,732,733
408,Tanyusha,Tanyusha-YuZGU 2,732,733
409,Diamond,Diamond - Blue,738,739
410,Diamond,Diamond - Green,738,739
411,Diamond,Diamond - Red,738,740
412,Lemur,Lemur-2 34 ShainaJohl,743,748
413,Lemur,Lemur-2 39 Sam-Amelia,743,748
414,Lemur,Lemur-2 40 LisaSaurus,743,749
415,Lemur,Lemur-2 41 Lynsey-Symo,743,750
416,Lemur,Lemur-2 35 XueniTerence,744,745
417,Lemur,Lemur-2 36 LucyBryce,744,745
418,Lemur,Lemur-2 38 McPeake,745,747
419,CICERO,CICERO-2,764,765
420,CICERO,CICERO-3,764,765
421,Flock,Flock-2k 1,767,768
422,Flock,Flock-2k 2,767,768
423,Flock,Flock-2k 3,767,769
424,Flock,Flock-2k 4,767,770
425,Flock,Flock-2k 5,767,771
426,Flock,Flock-2k 6,767,772
427,Flock,Flock-2k 7,767,773
428,Flock,Flock-2k 8,767,774
429,Flock,Flock-2k 9,767,775
430,Flock,Flock-2k 10,767,776
431,Flock,Flock-2k 11,767,777
432,Flock,Flock-2k 12,767,778
433,Flock,Flock-2k 13,767,779
434,Flock,Flock-2k 14,767,780
435,Flock,Flock-2k 15,767,781
436,Flock,Flock-2k 16,767,782
437,Flock,Flock-2k 17,767,783
438,Flock,Flock-2k 18,767,784
439,Flock,Flock-2k 19,767,785
440,Flock,Flock-2k 20,767,786
441,Flock,Flock-2k 21,767,787
442,Flock,Flock-2k 22,767,788
443,Flock,Flock-2k 23,767,789
444,Flock,Flock-2k 24,767,790
445,Flock,Flock-2k 25,767,791
446,Flock,Flock-2k 26,767,792
447,Flock,Flock-2k 27,767,793
448,Flock,Flock-2k 28,767,794
449,Flock,Flock-2k 29,767,795
450,Flock,Flock-2k 30,767,796
451,Flock,Flock-2k 31,767,797
452,Flock,Flock-2k 32,767,798
453,Flock,Flock-2k 33,767,799
454,Flock,Flock-2k 34,767,800
455,Flock,Flock-2k 35,767,801
456,Flock,Flock-2k 36,767,802
457,Flock,Flock-2k 37,767,803
458,Flock,Flock-2k 38,767,804
459,Flock,Flock-2k 39,767,805
460,Flock,Flock-2k 40,767,806
461,Flock,Flock-2k 41,767,807
462,Flock,Flock-2k 42,767,808
463,Flock,Flock-2k 43,767,809
464,Flock,Flock-2k 44,767,810
465,Flock,Flock-2k 45,767,811
466,Flock,Flock-2k 46,767,812
467,Flock,Flock-2k 47,767,813
468,Flock,Flock-2k 48,767,814
469,Landmapper,Landmapper-BC 1,816,817
470,Landmapper,Landmapper-BC 2,816,817
471,Lemur,Lemur-2 42 Greenberg,818,820
472,Lemur,Lemur-2 44 Monson,818,820
473,Lemur,Lemur-2 47 AndiS,818,823
474,Lemur,Lemur-2 48 PeterG,818,824
475,Lemur,Lemur-2 49 Dembitz,818,825
476,Lemur,Lemur-2 43 ArtFischer,819,821
477,Lemur,Lemur-2 45 Furiaus,819,821
478,Lemur,Lemur-2 46 Zachary,819,822
479,MKA,MKA-N 1,827,828
480,MKA,MKA-N 2,827,828
481,Prometheus,Prometheus 2.2,834,835
482,Prometheus,Prometheus 2.4,834,835
483,X37B,X37B CubeSat 1?,836,837
484,X37B,X37B CubeSat 2?,836,837
485,X37B,X37B CubeSat 3?,836,838
486,Flock,Flock-3m 1,839,840
487,Flock,Flock-3m 2,839,840
488,Flock,Flock-3m 3,839,841
489,Flock,Flock-3m 4,839,842
490,Aerocube,Aerocube-7B,843,844
491,Aerocube,Aerocube-7C,843,844
492,Lemur,Lemur-2 50 Yonglin,849,850
493,Lemur,Lemur-2 51 Kevin,849,850
494,Lemur,Lemur-2 52 BrianDavie,849,851
495,Lemur,Lemur-2 55 Liu-Poh-Chun,849,854
496,Lemur,Lemur-2 57 Dunlop,849,856
497,Lemur,Lemur-2 53 Romacoste,852,853
498,Lemur,Lemur-2 54 RocketJonah,852,853
499,Lemur,Lemur-2 56 McCullagh,854,855
500,Lemur,Lemur-2 58 McGarvey,868,870
501,Lemur,Lemur-2 60 Harvey,868,870
502,Lemur,Lemur-2 61 Matthew,870,871
503,Lemur,Lemur-2 62 Maximillie,870,872
504,Lemur,Lemur-2 67 Craig,870,877
505,Lemur,Lemur-2 64 NRE-Metts,871,874
506,Lemur,Lemur-2 66 Ector,871,876
507,Lemur,Lemur-2 63 Smilie-Face,872,873
508,Lemur,Lemur-2 65 CylonRaider,872,875
509,CANYVAL,CANYVAL-X 1U Jerry,880,881
510,CANYVAL,CANYVAL-X 2U Tom,880,881
511,Flock,Flock-3p' 1,885,886
512,Flock,Flock-3p' 2,885,886
513,Flock,Flock-3p' 3,885,887
514,Flock,Flock-3p' 4,885,888
515,SpaceBEE,SpaceBEE-1,899,900
516,SpaceBEE,SpaceBEE-2,899,900
517,SpaceBEE,SpaceBEE-3,899,901
518,SpaceBEE,SpaceBEE-4,899,902
519,Lemur,Lemur-2 72 Marshall,910,911
520,Lemur,Lemur-2 73 Tallhamn-ATC,910,911
521,Lemur,Lemur-2 74 Jin-Luen,914,916
522,Lemur,Lemur-2 76 Kadi,914,916
523,S,S-Net 1,918,919
524,S,S-Net 2,918,919
525,S,S-Net 3,918,920
526,S,S-Net 4,918,921
527,Tanyusha,Tanyusha-YuZGU 3,927,928
528,Tanyusha,Tanyusha-YuZGU 4,927,928
529,DebrisSat,DebrisSat-1,930,931
530,DebrisSat,DebrisSat-2,930,931
531,MarCO,MarCO 1,935,936
532,MarCO,MarCO 2,935,936
533,AeroCube,AeroCube-12 A,937,938
534,AeroCube,AeroCube-12 B,937,938
535,Lemur,Lemur-2 78 TomHenderson,943,944
536,Lemur,Lemur-2 79 Yuasa,943,944
537,Lemur,Lemur-2 80 Alexander,943,945
538,Biarri,Biarri-Squad 1,954,955
539,Biarri,Biarri-Squad 2,954,955
540,Biarri,Biarri-Squad 3,954,956
541,SiriusSat,SiriusSat 1,959,960
542,SiriusSat,SiriusSat 2,959,960
543,ELFIN,ELFIN-A,962,963
544,ELFIN,ELFIN-B,962,963
545,STARS,STARS-Me A Mother,967,968
546,STARS,STARS-Me A Mother copy,967,968
547,Lemur,Lemur-2 82 Zupanski,979,980
548,Lemur,Lemur-2 83 Chanusiak,979,980
549,Proxima,Proxima I,981,982
550,Proxima,Proxima II,981,982
551,Flock,Flock-3r 1,990,991
552,Flock,Flock-3r 2,990,991
553,Flock,Flock-3r 3,990,992
554,Flock,Flock-3r 4,990,993
555,Flock,Flock-3r 5,990,994
556,Flock,Flock-3r 6,990,995
557,Flock,Flock-3r 7,990,996
558,Flock,Flock-3r 8,990,997
559,Flock,Flock-3r 9,990,998
560,Flock,Flock-3r 10,990,999
561,Flock,Flock-3r 11,990,1000
562,Flock,Flock-3r 12,990,1001
563,Flock,Flock-3r 13,990,1002
564,Flock,Flock-3r 14,990,1003
565,Flock,Flock-3r 15,990,1004
566,Flock,Flock-3r 16,990,1005
567,Lemur,Lemur-2 84 Orzulak,1010,1011
568,Lemur,Lemur-2 85 Vladimir,1010,1011
569,Lemur,Lemur-2 87 Duly,1010,1013
570,Flock,Flock-3s 1,1027,1028
571,Flock,Flock-3s 2,1027,1028
572,Flock,Flock-3s 3,1027,1029
573,Polar,Polar Scout A,1044,1045
574,Polar,Polar Scout B,1044,1045
575,RANGE,RANGE-A,1048,1049
576,RANGE,RANGE-B,1048,1049
577,SpaceBEE,SpaceBEE-5,1053,1054
578,SpaceBEE,SpaceBEE-6,1053,1054
579,SpaceBEE,SpaceBEE-7,1053,1055
580,SPAWAR,SPAWAR-CAL-O,1056,1057
581,SPAWAR,SPAWAR-CAL-OR,1056,1057
582,SPAWAR,SPAWAR-CAL-R,1056,1058
583,CAT,CAT A,1064,1065
584,CAT,CAT B,1064,1065
585,Quantum,Quantum Radar 1,1067,1068
586,Quantum,Quantum Radar 2,1067,1068
587,Ladybird,Ladybird-2,1071,1073
588,Ladybird,LadyBird-4,1071,1073
589,Ladybird,LadyBird-5,1071,1074
590,Ladybird,LadyBird-6,1071,1075
591,Ladybird,LadyBird-7,1071,1076
592,AeroCube,AeroCube-11A,1081,1082
593,AeroCube,AeroCube-11B,1081,1082
594,CubeSail,CubeSail 1,1087,1088
595,CubeSail,CubeSail 2,1087,1088
596,D,D-Star One,1095,1096
597,Flock,Flock-3k 1,1097,1098
598,Flock,Flock-3k 2,1097,1098
599,Flock,Flock-3k 3,1097,1099
600,Flock,Flock-3k 4,1097,1100
601,Flock,Flock-3k 5,1097,1101
602,Flock,Flock-3k 6,1097,1102
603,Flock,Flock-3k 7,1097,1103
604,Flock,Flock-3k 8,1097,1104
605,Flock,Flock-3k 9,1097,1105
606,Flock,Flock-3k 10,1097,1106
607,Flock,Flock-3k 11,1097,1107
608,Flock,Flock-3k 12,1097,1108
609,Lemur,Lemur-2 88 Remy-Colton,1109,1110
610,Lemur,Lemur-2 89 Gustavo,1109,1110
611,Lemur,Lemur-2 90 ChristinaHolt,1109,1111
612,Lemur,Lemur-2 91 Zo,1110,1112
613,Lemur,Lemur-2 93 SarahBettyBoo,1110,1114
614,Lemur,Lemur-2 94 NatalieMurray,1111,1115
615,Lemur,Lemur-2 95 Daisy-Harper,1111,1116
616,Lemur,Lemur-2 92 TinyKev,1113,1115
617,SAMSON,SAMSON-Dummy 1,1118,1119
618,SAMSON,SAMSON-Dummy 2,1118,1119
619,SAMSON,SAMSON-Dummy 3,1118,1120
620,Flock,Flock-4a 1,1132,1133
621,Flock,Flock-4a 2,1132,1133
622,Flock,Flock-4a 3,1132,1134
623,Flock,Flock-4a 4,1132,1135
624,Flock,Flock-4a 5,1132,1136
625,Flock,Flock-4a 6,1132,1137
626,Flock,Flock-4a 7,1132,1138
627,Flock,Flock-4a 8,1132,1139
628,Flock,Flock-4a 9,1132,1140
629,Flock,Flock-4a 10,1132,1141
630,Flock,Flock-4a 11,1132,1142
631,Flock,Flock-4a 12,1132,1143
632,Flock,Flock-4a 13,1132,1144
633,Flock,Flock-4a 14,1132,1145
634,Flock,Flock-4a 15,1132,1146
635,Flock,Flock-4a 16,1132,1147
636,Flock,Flock-4a 17,1132,1148
637,Flock,Flock-4a 18,1132,1149
638,Flock,Flock-4a 19,1132,1150
639,Flock,Flock-4a 20,1132,1151
640,Lemur,Lemur-2 96 JohanLoran,1152,1153
641,Lemur,Lemur-2 97 Beudacious,1152,1153
642,Lemur,Lemur-2 98 Elham,1152,1154
643,Lemur,Lemur-2 99 Victor-Andrew,1153,1155
644,AeroCube,AeroCube-10A,1157,1158
645,AeroCube,AeroCube-10B,1157,1158
646,ThinSat,ThinSat-1A,1168,1169
647,ThinSat,ThinSat-1B,1168,1169
648,ThinSat,ThinSat-1C,1168,1170
649,ThinSat,ThinSat-1D,1168,1171
650,ThinSat,ThinSat-1E,1168,1172
651,ThinSat,ThinSat-1F,1168,1173
652,ThinSat,ThinSat-1G,1168,1174
653,ThinSat,ThinSat-1H,1168,1175
654,ThinSat,ThinSat-1I,1168,1176
655,ThinSat,ThinSat-1J,1168,1177
656,ThinSat,ThinSat-1K,1168,1178
657,ThinSat,ThinSat-1L,1168,1179
658,E,E-TBEx A,1191,1192
659,E,E-TBEx B,1191,1192
660,Prometheus,Prometheus 2 Mass Dummy,1195,1196
661,Prometheus,Prometheus 2.6,1195,1196
662,TEPCE,TEPCE A,1199,1200
663,TEPCE,TEPCE B,1199,1200
664,Prometheus,Prometheus 2.7,1203,1204
665,Prometheus,Prometheus 2.9,1203,1204
666,SpaceBEE,SpaceBEE-8,1205,1206
667,SpaceBEE,SpaceBEE-9,1205,1206
668,BEESAT,BEESAT-10,1209,1210
669,BEESAT,BEESAT-11,1209,1210
670,BEESAT,BEESAT-12,1209,1211
671,BEESAT,BEESAT-13,1209,1212
672,D,D-Star One EXOCONNECT,1213,1214
673,D,D-Star One LightSat,1213,1214
674,Lemur,Lemur-2 100 Morag,1217,1218
675,Lemur,Lemur-2 101 Wanli,1217,1218
676,Lemur,Lemur-2 102 Yndrd,1217,1219
677,Lemur,Lemur-2 103 EJatta,1217,1220
678,Lemur,Lemur-2 105 Alex-Maddy,1217,1222
679,Lemur,Lemur-2 106 LillyJo,1217,1223
680,Lemur,Lemur-2 107 GregRobinson,1217,1224
681,Lemur,Lemur-2 104 DustInTheWind,1218,1221
682,Pearl,Pearl White 1,1244,1245
683,Pearl,Pearl White 2,1244,1245
684,AeroCube,AeroCube-14A,1252,1253
685,AeroCube,AeroCube-14B,1252,1253
686,AeroCube,AeroCube-15A,1254,1255
687,AeroCube,AeroCube-15B,1254,1255
688,Flock,Flock-4p 1,1265,1266
689,Flock,Flock-4p 2,1265,1266
690,Flock,Flock-4p 3,1265,1267
691,Flock,Flock-4p 4,1265,1268
692,Flock,Flock-4p 5,1265,1269
693,Flock,Flock-4p 6,1265,1270
694,Flock,Flock-4p 7,1265,1271
695,Flock,Flock-4p 8,1265,1272
696,Flock,Flock-4p 9,1265,1273
697,Flock,Flock-4p 10,1265,1274
698,Flock,Flock-4p 11,1265,1275
699,Flock,Flock-4p 12,1265,1276
700,NOOR,NOOR 1-A,1290,1291
701,NOOR,NOOR 1-B,1290,1291
702,Tianqi,Tianqi-4A,1294,1295
703,Tianqi,Tianqi-4B,1294,1295
704,Tianyi,Tianyi-16,1296,1297
705,Tianyi,Tianyi-17,1296,1297
706,Lemur,Lemur-2 108 Pappy,1301,1303
707,Lemur,Lemur-2 110 JpgSquared,1301,1303
708,Lemur,Lemur-2 109 HiMomAndDad,1302,1304
709,Lemur,Lemur-2 111 TheoDosia,1302,1304
710,ANDESITE,ANDESITE Sensor Node 1,1319,1320
711,ANDESITE,ANDESITE Sensor Node 2,1319,1320
712,ANDESITE,ANDESITE Sensor Node 3,1319,1321
713,ANDESITE,ANDESITE Sensor Node 4,1319,1322
714,ANDESITE,ANDESITE Sensor Node 5,1319,1323
715,ANDESITE,ANDESITE Sensor Node 6,1319,1324
716,ANDESITE,ANDESITE Sensor Node 7,1319,1325
717,ANDESITE,ANDESITE Sensor Node 8,1319,1326
718,Flock,Flock-4e 1,1334,1335
719,Flock,Flock-4e 2,1334,1335
720,Flock,Flock-4e 3,1334,1336
721,Flock,Flock-4e 4,1334,1337
722,Flock,Flock-4e 5,1334,1338
723,Flock,Flock-4v 1,1342,1343
724,Flock,Flock-4v 2,1342,1343
725,Flock,Flock-4v 3,1342,1344
726,Flock,Flock-4v 4,1342,1345
727,Flock,Flock-4v 5,1342,1346
728,Flock,Flock-4v 6,1342,1347
729,Flock,Flock-4v 7,1342,1348
730,Flock,Flock-4v 8,1342,1349
731,Flock,Flock-4v 9,1342,1350
732,Flock,Flock-4v 10,1342,1351
733,Flock,Flock-4v 11,1342,1352
734,Flock,Flock-4v 12,1342,1353
735,Flock,Flock-4v 13,1342,1354
736,Flock,Flock-4v 14,1342,1355
737,Flock,Flock-4v 15,1342,1356
738,Flock,Flock-4v 16,1342,1357
739,Flock,Flock-4v 17,1342,1358
740,Flock,Flock-4v 18,1342,1359
741,Flock,Flock-4v 19,1342,1360
742,Flock,Flock-4v 20,1342,1361
743,Flock,Flock-4v 21,1342,1362
744,Flock,Flock-4v 22,1342,1363
745,Flock,Flock-4v 23,1342,1364
746,Flock,Flock-4v 24,1342,1365
747,Flock,Flock-4v 25,1342,1366
748,Flock,Flock-4v 26,1342,1367
749,FSSCat,FSSCat A,1368,1369
750,FSSCat,FSSCat B,1368,1369
751,Lemur,Lemur-2 114 EthanOakes,1373,1377
752,Lemur,Lemur-2 118 OscarLator,1373,1377
753,Lemur,Lemur-2 115 SchmidtFall,1374,1377
754,Lemur,Lemur-2 116 DJUProera,1375,1376
755,Lemur,Lemur-2 117 SquareJaws,1375,1376
756,Lemur,Lemur-2 119 Ursa Avion,1375,1378
757,SpaceBEE,SpaceBEE-10,1383,1384
758,SpaceBEE,SpaceBEE-11,1383,1384
759,SpaceBEE,SpaceBEE-12,1383,1385
760,SpaceBEE,SpaceBEE-13,1383,1386
761,SpaceBEE,SpaceBEE-14,1383,1387
762,SpaceBEE,SpaceBEE-15,1383,1388
763,SpaceBEE,SpaceBEE-16,1383,1389
764,SpaceBEE,SpaceBEE-17,1383,1390
765,SpaceBEE,SpaceBEE-18,1383,1391
766,SpaceBEE,SpaceBEE-19,1383,1392
767,SpaceBEE,SpaceBEE-20,1383,1393
768,SpaceBEE,SpaceBEE-21,1383,1394
769,Kepler,Kepler-4 Antilles,1399,1400
770,Kepler,Kepler-5 Amidala,1399,1400
771,Lemur,Lemur-2 121 Nichol,1403,1404
772,Lemur,Lemur-2 122 Slicers,1403,1404
773,Lemur,Lemur-2 123 Susurrus,1404,1405
774,NetSat,NetSat-1,1407,1408
775,NetSat,NetSat-2,1407,1408
776,NetSat,NetSat-3,1407,1409
777,NetSat,NetSat-4,1407,1410
778,Yarilo,Yarilo N1,1412,1413
779,Yarilo,Yarilo N2,1412,1413
780,Descent,Descent-A Mother,1415,1416
781,Descent,Descent-B Daughter,1415,1416
782,Flock,Flock-4e' 1,1422,1423
783,Flock,Flock-4e' 2,1422,1423
784,Flock,Flock-4e' 3,1422,1424
785,Flock,Flock-4e' 4,1422,1425
786,Flock,Flock-4e' 5,1422,1426
787,Flock,Flock-4e' 6,1422,1427
788,Flock,Flock-4e' 7,1422,1428
789,Flock,Flock-4e' 8,1422,1429
790,Flock,Flock-4e' 9,1422,1430
791,KSM1,KSM1 A,1432,1433
792,KSM1,KSM1 B,1432,1433
793,KSM1,KSM1 C,1432,1434
794,KSM1,KSM1 D,1432,1435
795,Lemur,Lemur-2 126 Jeremiah,1436,1437
796,Lemur,Lemur-2 127 Jindra,1436,1437
797,Lemur,Lemur-2 128 Ozarak,1436,1438
798,Lemur,Lemur-2 129 Wallace,1436,1439
799,BRO,BRO-2,1442,1443
800,BRO,BRO-3,1442,1443
801,Dragracer,Dragracer 1,1444,1445
802,Dragracer,Dragracer 2,1444,1445
803,SpaceBEE,SpaceBEE-22,1447,1448
804,SpaceBEE,SpaceBEE-23,1447,1448
805,SpaceBEE,SpaceBEE-24,1447,1449
806,SpaceBEE,SpaceBEE-25,1447,1450
807,SpaceBEE,SpaceBEE-26,1447,1451
808,SpaceBEE,SpaceBEE-27,1447,1452
809,SpaceBEE,SpaceBEE-28,1447,1453
810,SpaceBEE,SpaceBEE-29,1447,1454
811,SpaceBEE,SpaceBEE-30,1447,1455
812,SpaceBEE,SpaceBEE-31,1447,1456
813,SpaceBEE,SpaceBEE-32,1447,1457
814,SpaceBEE,SpaceBEE-33,1447,1458
815,SpaceBEE,SpaceBEE-34,1447,1459
816,SpaceBEE,SpaceBEE-35,1447,1460
817,SpaceBEE,SpaceBEE-36,1447,1461
818,SpaceBEE,SpaceBEE-37,1447,1462
819,SpaceBEE,SpaceBEE-38,1447,1463
820,SpaceBEE,SpaceBEE-39,1447,1464
821,SpaceBEE,SpaceBEENZ-1,1447,1465
822,SpaceBEE,SpaceBEENZ-2,1447,1466
823,SpaceBEE,SpaceBEENZ-3,1447,1467
824,SpaceBEE,SpaceBEENZ-4,1447,1468
825,SpaceBEE,SpaceBEENZ-5,1447,1469
826,SpaceBEE,SpaceBEENZ-6,1447,1470
827,PICS,PICS 1,1478,1479
828,PICS,PICS 2,1478,1479
829,Prometheus,Prometheus 2.8,1481,1482
830,Prometheus,Prometheus 2.11,1481,1482
831,ARCE,ARCE-1A,1487,1488
832,ARCE,ARCE-1B,1487,1488
833,ARCE,ARCE-1C,1487,1489
834,Astrocast,Astrocast 3,1491,1492
835,Astrocast,Astrocast 4,1491,1492
836,Astrocast,Astrocast 5,1491,1493
837,Astrocast,Astrocast 6,1491,1494
838,Astrocast,Astrocast 7,1491,1495
839,Flock,Flock-4s 1,1496,1497
840,Flock,Flock-4s 2,1496,1497
841,Flock,Flock-4s 3,1496,1498
842,Flock,Flock-4s 4,1496,1499
843,Flock,Flock-4s 5,1496,1500
844,Flock,Flock-4s 6,1496,1501
845,Flock,Flock-4s 7,1496,1502
846,Flock,Flock-4s 8,1496,1503
847,Flock,Flock-4s 9,1496,1504
848,Flock,Flock-4s 10,1496,1505
849,Flock,Flock-4s 11,1496,1506
850,Flock,Flock-4s 12,1496,1507
851,Flock,Flock-4s 13,1496,1508
852,Flock,Flock-4s 14,1496,1509
853,Flock,Flock-4s 15,1496,1510
854,Flock,Flock-4s 16,1496,1511
855,Flock,Flock-4s 17,1496,1512
856,Flock,Flock-4s 18,1496,1513
857,Flock,Flock-4s 19,1496,1514
858,Flock,Flock-4s 20,1496,1515
859,Flock,Flock-4s 21,1496,1516
860,Flock,Flock-4s 22,1496,1517
861,Flock,Flock-4s 23,1496,1518
862,Flock,Flock-4s 24,1496,1519
863,Flock,Flock-4s 25,1496,1520
864,Flock,Flock-4s 26,1496,1521
865,Flock,Flock-4s 27,1496,1522
866,Flock,Flock-4s 28,1496,1523
867,Flock,Flock-4s 29,1496,1524
868,Flock,Flock-4s 30,1496,1525
869,Flock,Flock-4s 31,1496,1526
870,Flock,Flock-4s 32,1496,1527
871,Flock,Flock-4s 33,1496,1528
872,Flock,Flock-4s 34,1496,1529
873,Flock,Flock-4s 35,1496,1530
874,Flock,Flock-4s 36,1496,1531
875,Flock,Flock-4s 37,1496,1532
876,Flock,Flock-4s 38,1496,1533
877,Flock,Flock-4s 39,1496,1534
878,Flock,Flock-4s 40,1496,1535
879,Flock,Flock-4s 41,1496,1536
880,Flock,Flock-4s 42,1496,1537
881,Flock,Flock-4s 43,1496,1538
882,Flock,Flock-4s 44,1496,1539
883,Flock,Flock-4s 45,1496,1540
884,Flock,Flock-4s 46,1496,1541
885,Flock,Flock-4s 47,1496,1542
886,Flock,Flock-4s 48,1496,1543
887,Kepler,Kepler-8,1546,1547
888,Kepler,Kepler-9,1546,1547
889,Kepler,Kepler-10,1546,1548
890,Kepler,Kepler-11,1546,1549
891,Kepler,Kepler-12,1546,1550
892,Kepler,Kepler-13,1546,1551
893,Kepler,Kepler-14,1546,1552
894,Kepler,Kepler-15,1546,1553
895,Lemur,Lemur-2 130 Chantal,1554,1557
896,Lemur,Lemur-2 133 Nallywacker,1554,1557
897,Lemur,Lemur-2 134 Neva,1554,1558
898,Lemur,Lemur-2 136 Ruairi-Eilidh,1554,1560
899,Lemur,Lemur-2 131 JenniferSong,1555,1559
900,Lemur,Lemur-2 135 NoobNoob,1555,1559
901,Lemur,Lemur-2 137 SaoirseDH5Guo,1555,1561
902,SpaceBEE,SpaceBEE-40,1566,1567
903,SpaceBEE,SpaceBEE-41,1566,1567
904,SpaceBEE,SpaceBEE-42,1566,1568
905,SpaceBEE,SpaceBEE-43,1566,1569
906,SpaceBEE,SpaceBEE-44,1566,1570
907,SpaceBEE,SpaceBEE-45,1566,1571
908,SpaceBEE,SpaceBEE-46,1566,1572
909,SpaceBEE,SpaceBEE-47,1566,1573
910,SpaceBEE,SpaceBEE-48,1566,1574
911,SpaceBEE,SpaceBEE-49,1566,1575
912,SpaceBEE,SpaceBEE-50,1566,1576
913,SpaceBEE,SpaceBEE-51,1566,1577
914,SpaceBEE,SpaceBEE-52,1566,1578
915,SpaceBEE,SpaceBEE-53,1566,1579
916,SpaceBEE,SpaceBEE-54,1566,1580
917,SpaceBEE,SpaceBEE-55,1566,1581
918,SpaceBEE,SpaceBEE-56,1566,1582
919,SpaceBEE,SpaceBEE-57,1566,1583
920,SpaceBEE,SpaceBEE-58,1566,1584
921,SpaceBEE,SpaceBEE-59,1566,1585
922,SpaceBEE,SpaceBEE-60,1566,1586
923,SpaceBEE,SpaceBEE-61,1566,1587
924,SpaceBEE,SpaceBEE-62,1566,1588
925,SpaceBEE,SpaceBEE-63,1566,1589
926,SpaceBEE,SpaceBEE-64,1566,1590
927,SpaceBEE,SpaceBEE-65,1566,1591
928,SpaceBEE,SpaceBEE-66,1566,1592
929,SpaceBEE,SpaceBEE-67,1566,1593
930,SpaceBEE,SpaceBEE-68,1566,1594
931,SpaceBEE,SpaceBEE-69,1566,1595
932,SpaceBEE,SpaceBEE-70,1566,1596
933,SpaceBEE,SpaceBEE-71,1566,1597
934,SpaceBEE,SpaceBEE-72,1566,1598
935,SpaceBEE,SpaceBEE-73,1566,1599
936,SpaceBEE,SpaceBEE-74,1566,1600
937,SpaceBEE,SpaceBEE-75,1566,1601
938,V,V-R3x 1,1603,1604
939,V,V-R3x 2,1603,1604
940,V,V-R3x 3,1603,1605
941,STARS,STARS-EC A,1616,1617
942,STARS,STARS-EC B,1616,1617
943,STARS,STARS-EC C,1616,1618
944,ThinSat,ThinSat-2A,1620,1621
945,ThinSat,ThinSat-2B,1620,1621
946,ThinSat,ThinSat-2C,1620,1622
947,ThinSat,ThinSat-2D,1620,1623
948,ThinSat,ThinSat-2E,1620,1624
949,ThinSat,ThinSat-2F,1620,1625
950,ThinSat,ThinSat-2G,1620,1626
951,ThinSat,ThinSat-2H,1620,1627
952,ThinSat,ThinSat-2I,1620,1628
953,SpaceBEE,SpaceBEE-76,1633,1634
954,SpaceBEE,SpaceBEE-77,1633,1634
955,SpaceBEE,SpaceBEE-78,1633,1635
956,SpaceBEE,SpaceBEE-79,1633,1636
957,SpaceBEE,SpaceBEE-80,1633,1637
958,SpaceBEE,SpaceBEE-81,1633,1638
959,SpaceBEE,SpaceBEE-82,1633,1639
960,SpaceBEE,SpaceBEE-83,1633,1640
961,SpaceBEE,SpaceBEE-84,1633,1641
962,SpaceBEE,SpaceBEE-85,1633,1642
963,SpaceBEE,SpaceBEE-86,1633,1643
964,SpaceBEE,SpaceBEE-87,1633,1644
965,BEESAT,BEESAT-5,1651,1652
966,BEESAT,BEESAT-6,1651,1652
967,BEESAT,BEESAT-7,1651,1653
968,BEESAT,BEESAT-8,1651,1654
969,CANYVAL,CANYVAL-C,1655,1656
970,CubeSX,CubeSX-HSE,1659,1660
971,CubeSX,CubeSX-Sirius-HSE,1659,1660
972,Kepler,Kepler-6,1665,1666
973,Kepler,Kepler-7,1665,1666
974,RAAF,RAAF M2 A,1673,1674
975,RAAF,RAAF M2 B,1673,1674
976,SAMSON,SAMSON A,1675,1676
977,SAMSON,SAMSON B,1675,1676
978,SAMSON,SAMSON C,1675,1677
979,TDO,TDO-3,1687,1688
980,TDO,TDO-4,1687,1688
981,Astrocast,Astrocast 8,1694,1695
982,Astrocast,Astrocast 9,1694,1695
983,Astrocast,Astrocast 10,1694,1696
984,Astrocast,Astrocast 11,1694,1697
985,Astrocast,Astrocast 12,1694,1698
986,CNCE1,CNCE1,1701,1702
987,CNCE1,CNCE3,1701,1702
988,KSF1,KSF1 A,1708,1709
989,KSF1,KSF1 B,1708,1709
990,KSF1,KSF1 C,1708,1710
991,KSF1,KSF1 D,1708,1711
992,Lemur,Lemur-2 140 AC-CUBED,1712,1713
993,Lemur,Lemur-2 141 ANNABANANA,1712,1713
994,Lemur,Lemur-2 142 JACKSON,1712,1714
995,Lemur,Lemur-2 144 MERIMA,1712,1716
996,Lemur,Lemur-2 145 CARLSANTAMARI,1713,1717
997,Lemur,Lemur-2 143 JOHN-TREIRES,1714,1715
998,LINCS1,LINCS1 A,1718,1719
999,LINCS1,LINCS2 B,1718,1719
1000,SpaceBEE,SpaceBEE-88,1725,1726
1001,SpaceBEE,SpaceBEE-89,1725,1726
1002,SpaceBEE,SpaceBEE-90,1725,1727
1003,SpaceBEE,SpaceBEE-91,1725,1728
1004,SpaceBEE,SpaceBEE-92,1725,1729
1005,SpaceBEE,SpaceBEE-93,1725,1730
1006,SpaceBEE,SpaceBEE-94,1725,1731
1007,SpaceBEE,SpaceBEE-95,1725,1732
1008,SpaceBEE,SpaceBEE-96,1725,1733
1009,SpaceBEE,SpaceBEE-97,1725,1734
1010,SpaceBEE,SpaceBEE-98,1725,1735
1011,SpaceBEE,SpaceBEE-99,1725,1736
1012,SpaceBEE,SpaceBEE-100,1725,1737
1013,SpaceBEE,SpaceBEE-101,1725,1738
1014,SpaceBEE,SpaceBEE-102,1725,1739
1015,SpaceBEE,SpaceBEE-103,1725,1740
1016,SpaceBEE,SpaceBEE-104,1725,1741
1017,SpaceBEE,SpaceBEE-105,1725,1742
1018,SpaceBEE,SpaceBEE-106,1725,1743
1019,SpaceBEE,SpaceBEE-107,1725,1744
1020,SpaceBEE,SpaceBEE-108,1725,1745
1021,SpaceBEE,SpaceBEE-109,1725,1746
1022,SpaceBEE,SpaceBEE-110,1725,1747
1023,SpaceBEE,SpaceBEE-111,1725,1748
1024,SpaceBEE,SpaceBEENZ-7,1725,1749
1025,SpaceBEE,SpaceBEENZ-8,1725,1750
1026,SpaceBEE,SpaceBEENZ-9,1725,1751
1027,SpaceBEE,SpaceBEENZ-10,1725,1752
1028,STORK,STORK-4,1754,1755
1029,STORK,STORK-5,1754,1755
1030,GENESIS,GENESIS-L,1774,1775
1031,GENESIS,GENESIS-N,1774,1775
1032,Qubik,Qubik 1,1777,1778
1033,Qubik,Qubik 2,1777,1778
1034,Cesium,Cesium Satellite 1,1780,1781
1035,Cesium,Cesium Satellite 2,1780,1781
1036,Flock,Flock-4x 1,1808,1809
1037,Flock,Flock-4x 2,1808,1809
1038,Flock,Flock-4x 3,1808,1810
1039,Flock,Flock-4x 4,1808,1811
1040,Flock,Flock-4x 5,1808,1812
1041,Flock,Flock-4x 6,1808,1813
1042,Flock,Flock-4x 7,1808,1814
1043,Flock,Flock-4x 8,1808,1815
1044,Flock,Flock-4x 9,1808,1816
1045,Flock,Flock-4x 10,1808,1817
1046,Flock,Flock-4x 11,1808,1818
1047,Flock,Flock-4x 12,1808,1819
1048,Flock,Flock-4x 13,1808,1820
1049,Flock,Flock-4x 14,1808,1821
1050,Flock,Flock-4x 15,1808,1822
1051,Flock,Flock-4x 16,1808,1823
1052,Flock,Flock-4x 17,1808,1824
1053,Flock,Flock-4x 18,1808,1825
1054,Flock,Flock-4x 19,1808,1826
1055,Flock,Flock-4x 20,1808,1827
1056,Flock,Flock-4x 21,1808,1828
1057,Flock,Flock-4x 22,1808,1829
1058,Flock,Flock-4x 23,1808,1830
1059,Flock,Flock-4x 24,1808,1831
1060,Flock,Flock-4x 25,1808,1832
1061,Flock,Flock-4x 26,1808,1833
1062,Flock,Flock-4x 27,1808,1834
1063,Flock,Flock-4x 28,1808,1835
1064,Flock,Flock-4x 29,1808,1836
1065,Flock,Flock-4x 30,1808,1837
1066,Flock,Flock-4x 31,1808,1838
1067,Flock,Flock-4x 32,1808,1839
1068,Flock,Flock-4x 33,1808,1840
1069,Flock,Flock-4x 34,1808,1841
1070,Flock,Flock-4x 35,1808,1842
1071,Flock,Flock-4x 36,1808,1843
1072,Flock,Flock-4x 37,1808,1844
1073,Flock,Flock-4x 38,1808,1845
1074,Flock,Flock-4x 39,1808,1846
1075,Flock,Flock-4x 40,1808,1847
1076,Flock,Flock-4x 41,1808,1848
1077,Flock,Flock-4x 42,1808,1849
1078,Flock,Flock-4x 43,1808,1850
1079,Flock,Flock-4x 44,1808,1851
1080,FossaSat,FossaSat-2E 1,1852,1853
1081,FossaSat,FossaSat-2E 2,1852,1853
1082,FossaSat,FossaSat-2E 3,1854,1855
1083,FossaSat,FossaSat-2E 4,1854,1855
1084,FossaSat,FossaSat-2E 5,1854,1856
1085,FossaSat,FossaSat-2E 6,1854,1857
1086,Kepler,Kepler-16,1863,1864
1087,Kepler,Kepler-17,1863,1864
1088,Kepler,Kepler-18,1863,1865
1089,Kepler,Kepler-19,1863,1866
1090,Lemur,Lemur-2 146 Ramonamae,1868,1869
1091,Lemur,Lemur-2 147 King-Julien,1868,1869
1092,Lemur,Lemur-2 149 Miriwari,1868,1871
1093,MDASat,MDASat-1a,1874,1875
1094,MDASat,MDASat-1b,1874,1875
1095,MDASat,MDASat-1c,1874,1876
1096,PAN,PAN A,1879,1880
1097,PAN,PAN B,1879,1880
1098,SATLLA,SATLLA-2A,1883,1884
1099,SATLLA,SATLLA-2B,1883,1884
1100,STORK,STORK-2,1887,1888
1101,STORK,STORK-3,1887,1888
1102,Tevel,Tevel 1,1892,1893
1103,Tevel,Tevel 2,1892,1893
1104,Tevel,Tevel 3,1892,1894
1105,Tevel,Tevel 4,1892,1895
1106,Tevel,Tevel 5,1892,1896
1107,Tevel,Tevel 6,1892,1897
1108,Tevel,Tevel 7,1892,1898
1109,Tevel,Tevel 8,1892,1899
1110,Unicorn,Unicorn-2A,1901,1902
1111,Unicorn,Unicorn-2D,1901,1902
1112,Unicorn,Unicorn-2E,1901,1903
1113,SWSU,SWSU- 55 No. 6,1914,1915
1114,SWSU,SWSU-55 No. 1 & R-390,1914,1915
1115,SWSU,SWSU-55 No. 2,1914,1916
1116,SWSU,SWSU-55 No. 3,1914,1917
1117,SWSU,SWSU-55 No. 4,1914,1918
1118,SWSU,"SWSU-55 No. 5 (YUZGU No. 9, YuZGU 55 9,",1914,1919
1119,SpaceBEE,SpaceBEE-112,1925,1926
1120,SpaceBEE,SpaceBEE-113,1925,1926
1121,SpaceBEE,SpaceBEE-114,1925,1927
1122,SpaceBEE,SpaceBEE-115,1925,1928
1123,SpaceBEE,SpaceBEE-116,1925,1929
1124,SpaceBEE,SpaceBEE-117,1925,1930
1125,SpaceBEE,SpaceBEE-118,1925,1931
1126,SpaceBEE,SpaceBEE-119,1925,1932
1127,SpaceBEE,SpaceBEE-120,1925,1933
1128,SpaceBEE,SpaceBEE-121,1925,1934
1129,SpaceBEE,SpaceBEE-122,1925,1935
1130,SpaceBEE,SpaceBEE-123,1925,1936
1131,SpaceBEE,SpaceBEE-124,1925,1937
1132,SpaceBEE,SpaceBEE-125,1925,1938
1133,SpaceBEE,SpaceBEE-126,1925,1939
1134,SpaceBEE,SpaceBEE-127,1925,1940
1135,SpaceBEE,SpaceBEENZ-11,1925,1941
1136,SpaceBEE,SpaceBEENZ-12,1925,1942
1137,SpaceBEE,SpaceBEENZ-13,1925,1943
1138,SpaceBEE,SpaceBEENZ-14,1925,1944
1139,KSF2,KSF2 A,1949,1950
1140,KSF2,KSF2 B,1949,1950
1141,KSF2,KSF2 C,1949,1951
1142,KSF2,KSF2 D,1949,1952
1143,SpaceBEE,SpaceBEE-128,1955,1956
1144,SpaceBEE,SpaceBEE-129,1955,1956
1145,SpaceBEE,SpaceBEE-130,1955,1957
1146,SpaceBEE,SpaceBEE-131,1955,1958
1147,SpaceBEE,SpaceBEE-132,1955,1959
1148,SpaceBEE,SpaceBEE-133,1955,1960
1149,SpaceBEE,SpaceBEE-134,1955,1961
1150,SpaceBEE,SpaceBEE-135,1955,1962
1151,SpaceBEE,SpaceBEE-136,1955,1963
1152,SpaceBEE,SpaceBEE-137,1955,1964
1153,SpaceBEE,SpaceBEE-138,1955,1965
1154,SpaceBEE,SpaceBEE-139,1955,1966
1155,SUCHAI,SUCHAI 2,1968,1969
1156,SUCHAI,SUCHAI 3,1968,1969
1157,SUCHAI,SUCHAI 3 Femtosatellite 1,1970,1971
1158,SUCHAI,SUCHAI 3 Femtosatellite 2,1970,1971
1159,SpaceBEE,SpaceBEE-140,1974,1975
1160,SpaceBEE,SpaceBEE-141,1974,1975
1161,SpaceBEE,SpaceBEE-142,1974,1976
1162,SpaceBEE,SpaceBEE-143,1974,1977
1163,SpaceBEE,SpaceBEE-144,1974,1978
1164,SpaceBEE,SpaceBEE-145,1974,1979
1165,SpaceBEE,SpaceBEE-146,1974,1980
1166,SpaceBEE,SpaceBEE-147,1974,1981
1167,SpaceBEE,SpaceBEE-148,1974,1982
1168,SpaceBEE,SpaceBEE-149,1974,1983
1169,SpaceBEE,SpaceBEE-150,1974,1984
1170,SpaceBEE,SpaceBEE-151,1974,1985
1171,SpaceBEE,SpaceBEE-152,1974,1986
1172,SpaceBEE,SpaceBEE-153,1974,1987
1173,SpaceBEE,SpaceBEE-154,1974,1988
1174,SpaceBEE,SpaceBEE-155,1974,1989
1175,SpaceBEE,SpaceBEENZ-15,1974,1990
1176,SpaceBEE,SpaceBEENZ-16,1974,1991
1177,SpaceBEE,SpaceBEENZ-17,1974,1992
1178,SpaceBEE,SpaceBEENZ-18,1974,1993
1179,SpaceBEE,SpaceBEENZ-19,1974,1994
1180,SpaceBEE,SpaceBEENZ-20,1974,1995
1181,SpaceBEE,SpaceBEENZ-21,1974,1996
1182,SpaceBEE,SpaceBEENZ-22,1974,1997
1183,CICERO,CICERO-2 1,2005,2006
1184,CICERO,CICERO-2 2,2005,2006
1185,CNCE,CNCE V4,2007,2008
1186,CNCE,CNCE V5,2007,2008
1187,CPOD,CPOD A,2010,2011
1188,CPOD,CPOD B,2010,2011
1189,FossaSat,FossaSat-2E 8,2014,2015
1190,FossaSat,FossaSat-2E 9,2014,2015
1191,FossaSat,FossaSat-2E 10,2014,2016
1192,FossaSat,FossaSat-2E 11,2014,2017
1193,FossaSat,FossaSat-2E 12,2014,2018
1194,FossaSat,FossaSat-2E 13,2014,2019
1195,Lemur,Lemur-2 151 KAREN B,2022,2023
1196,Lemur,Lemur-2 152 VANDENDRIES,2022,2023
1197,Lemur,Lemur-2 153 TENNYSONLILY,2022,2024
1198,Lemur,Lemur-2 155 HANCOM-1,2022,2026
1199,Lemur,Lemur-2 154 MIMI1307,2024,2025
1200,SWSU,SWSU-55 No. 7,2036,2037
1201,SWSU,SWSU-55 No. 8,2036,2037
1202,Tsiolkovsky,Tsiolkovsky-Ryazan 1,2038,2039
1203,Tsiolkovsky,Tsiolkovsky-Ryazan 2,2038,2039
1204,TROPICS,TROPICS 2,2040,2041
1205,TROPICS,TROPICS 3,2040,2041
1206,Gunsmoke,Gunsmoke-L 1,2050,2051
1207,Gunsmoke,Gunsmoke-L 2,2050,2051
1208,GENESIS,GENESIS-G,2078,2079
1209,GENESIS,GENESIS-J,2078,2079
1210,QUBIK,QUBIK-3,2080,2081
1211,QUBIK,QUBIK-4,2080,2081
1212,QUBIK,QUBIK-5,2080,2082
1213,QUBIK,QUBIK-6,2080,2083
1214,TROPICS,TROPICS 4,2086,2087
1215,TROPICS,TROPICS 5,2086,2087
1216,TROPICS,TROPICS 6,2086,2104
1217,TROPICS,TROPICS 7,2086,2105
1218,VariSat,VariSat-1 A,2088,2089
1219,VariSat,VariSat-1 B,2088,2089
1220,CIRCE,CIRCE A,2093,2094
1221,CIRCE,CIRCE B,2093,2094
1222,Prometheus,Prometheus-2 1,2097,2098
1223,Prometheus,Prometheus-2 2,2097,2098
1224,KSF3,KSF3 A,2110,2111
1225,KSF3,KSF3 B,2110,2111
1226,KSF3,KSF3 C,2110,2112
1227,KSF3,KSF3 D,2110,2113
1228,Pleiades,Pleiades - Sapling Sempervirens,2120,2121
1229,Pleiades,Pleiades Yearling,2120,2121
1230,Pleiades,Pleiades - Sapling Giganteum,2120,2710
1231,Zeus,Zeus 1,2126,2773
1232,Zeus,Zeus 2,2126,2773
1233,Starling1,Starling1 A,2134,2135
1234,Starling1,Starling1 B,2134,2135
1235,Starling1,Starling1 C,2134,2136
1236,Starling1,Starling1 D,2134,2137
1237,SpaceBEE,SpaceBEE-xx,2160,2161
1238,ANSER,ANSER A,2177,2178
1239,ANSER,ANSER B,2177,2178
1240,ANSER,ANSER C,2177,2179
1241,ANSER,ANSER D,2177,2180
1242,BEESAT,BEESAT-14,2185,2186
1243,BEESAT,BEESAT-15,2185,2186
1244,CAS,CAS-8C,2195,2196
1245,CAS,CAS-8D,2195,2196
1246,Clyde,Clyde Orbcomm 1,2200,2201
1247,Clyde,Clyde Orbcomm 2,2200,2201
1248,ELO,ELO 3,2213,2214
1249,ELO,ELO 4,2213,2214
1250,Gunsmoke,Gunsmoke-G,2226,2227
1251,Gunsmoke,Gunsmoke-J 1,2226,2227
1252,KASI,KASI Sat A,2240,2241
1253,KASI,KASI Sat B,2240,2241
1254,KASI,KASI Sat C,2240,2242
1255,KASI,KASI Sat D,2240,2243
1256,Linus,Linus 1,2245,2246
1257,Linus,Linus 2,2245,2246
1258,Myriota,Myriota 5,2256,2257
1259,Myriota,Myriota 6,2256,2257
1260,PREFIRE,PREFIRE A,2273,2274
1261,PREFIRE,PREFIRE B,2273,2274
1262,PTD,PTD-2,2278,2715
1263,PTD,PTD-5,2278,2715
1264,Shiver,Shiver A,2287,2288
1265,Shiver,Shiver B,2287,2288
1266,Shiver,Shiver C,2287,2289
1267,Shiver,Shiver D,2287,2290
1268,STARS,STARS-NT A,2297,2298
1269,STARS,STARS-NT B,2297,2298
1270,STARS,STARS-NT C,2297,2299
1271,TRYAD,TRYAD 1,2303,2304
1272,TRYAD,TRYAD 2,2303,2304
1273,Binar,Binar 2,2312,2313
1274,Binar,Binar 3,2312,2313
1275,Binar,Binar 4,2312,2314
1276,Binar,Binar 5,2312,2538
1277,Binar,Binar 6,2312,2539
1278,Binar,Binar 7,2312,2540
1279,BROS,BROS A,2315,2316
1280,BROS,BROS B,2315,2316
1281,GEMS,GEMS-2,2317,2605
1282,GEMS,GEMS-3,2317,2605
1283,GEMS,GEMS-4,2317,2606
1284,GEMS,GEMS-5,2317,2607
1285,GEMS,GEMS-6,2317,2608
1286,EarthTV,EarthTV-2,2327,2515
1287,EarthTV,EarthTV-3,2327,2515
1288,EarthTV,EarthTV-4,2327,2516
1289,EarthTV,EarthTV-5,2327,2517
1290,FossaSat,FossaSat-2,2328,2329
1291,FossaSat,FossaSat-2F,2328,2329
1292,STORK,STORK-6,2339,2431
1293,STORK,STORK-8,2339,2431
1294,STORK,STORK-9,2339,2432
1295,STORK,STORK-7,2339,2742
1296,STORK,STORK-10,2339,2743
1297,STORK,STORK-11,2339,2744
1298,STORK,STORK-12,2339,2745
1299,STORK,STORK-13,2339,2746
1300,STORK,STORK-14,2339,2747
1301,VariSat,VariSat-2 1,2341,2342
1302,VariSat,VariSat-2 2,2341,2342
1303,VariSat,VariSat-2 3,2341,2343
1304,VariSat,VariSat-2 4,2341,2344
1305,VariSat,VariSat-2 5,2341,2345
1306,VariSat,VariSat-2 6,2341,2346
1307,WVSAT,WVSAT A,2347,2348
1308,WVSAT,WVSAT B,2347,2348
1309,WVSAT,WVSAT C,2347,2349
1310,WVSAT,WVSAT D,2347,2350
1311,Centauri,Centauri-6,2362,2363
1312,Centauri,Centauri-7,2362,2363
1313,Centauri,Centauri-8,2362,2543
1314,Centauri,Centauri-9,2362,2544
1315,Centauri,Centauri-10,2362,2545
1316,Centauri,Centauri-11,2362,2546
1317,Centauri,Centauri-12,2362,2547
1318,Centauri,Centauri-13,2362,2548
1319,Centauri,Centauri-14,2362,2549
1320,Connecta,Connecta T1.2,2364,2365
1321,Connecta,Connecta T1.3,2364,2365
1322,CURIE,CURIE A,2369,2370
1323,CURIE,CURIE B,2369,2370
1324,GNSSaS,GNSSaS A,2380,2381
1325,GNSSaS,GNSSaS B,2380,2381
1326,ISISpace,ISISpace IOD 1,2386,2664
1327,ISISpace,ISISpace IOD 2 Project2,2386,2664
1328,Lemur,Lemur-2,2391,2392
1329,Maya,Maya-5,2394,2395
1330,Maya,Maya-6,2394,2395
1331,Pony,Pony Express 2,2406,2407
1332,Pony,Pony Express 3,2406,2407
1333,Space,Space-PI 1,2416,2417
1334,Space,Space-PI 2,2416,2417
1335,Space,Space-PI 4,2416,2419
1336,Space,Space-PI 5,2416,2420
1337,Space,Space-PI 6,2416,2421
1338,Space,Space-PI 7,2416,2422
1339,Space,Space-PI 8,2416,2423
1340,Space,Space-PI 9,2416,2424
1341,Space,Space-PI 10,2416,2425
1342,Space,Space-PI 11,2416,2426
1343,Startical,Startical 1,2430,2738
1344,Startical,Startical 2,2430,2738
1345,Startical,Startical 3,2430,2739
1346,Ukko,Ukko A,2435,2436
1347,Ukko,Ukko B,2435,2436
1348,Unicorn,Unicorn-2G,2438,2439
1349,Unicorn,Unicorn-2H,2438,2439
1350,Unicorn,Unicorn-2I,2438,2440
1351,Unicorn,Unicorn-2J,2438,2759
1352,Unicorn,Unicorn-2M,2438,2760
1353,Unicorn,Unicorn-2N,2438,2761
1354,Unicorn,Unicorn-20,2438,2762
1355,Yareelo,Yareelo 3,2442,2443
1356,Yareelo,Yareelo 4,2442,2443
1357,Kepler,Kepler-20,2456,2457
1358,Kepler,Kepler-21,2456,2457
1359,Kepler,Kepler-xx,2456,2665
1360,Astrocast,Astrocast 13,2488,2489
1361,Astrocast,Astrocast 14,2488,2489
1362,Astrocast,Astrocast 15,2488,2490
1363,Astrocast,Astrocast 16,2488,2491
1364,Astrocast,Astrocast 17,2488,2492
1365,Astrocast,Astrocast 18,2488,2493
1366,Astrocast,Astrocast 19,2488,2494
1367,Astrocast,Astrocast 20,2488,2495
1368,Astrocast,Astrocast 21,2488,2496
1369,Astrocast,Astrocast 22,2488,2497
1370,Astrocast,Astrocast 23,2488,2498
1371,Astrocast,Astrocast 24,2488,2499
1372,Astrocast,Astrocast 25,2488,2500
1373,Astrocast,Astrocast 26,2488,2501
1374,Astrocast,Astrocast 27,2488,2502
1375,Astrocast,Astrocast 28,2488,2503
1376,Astrocast,Astrocast 29,2488,2504
1377,Astrocast,Astrocast 30,2488,2505
1378,Astrocast,Astrocast 31,2488,2506
1379,Astrocast,Astrocast 32,2488,2507
1380,CLICK,CLICK B,2510,2511
1381,CLICK,CLICK C,2510,2511
1382,Faraday,Faraday-1c,2519,2577
1383,Faraday,Faraday-1d,2519,2577
1384,GROOVE,GROOVE-EVO 1,2520,2774
1385,GROOVE,GROOVE-EVO 2,2520,2774
1386,HERMES,HERMES-SP A,2521,2637
1387,HERMES,HERMES-SP B,2521,2637
1388,HERMES,HERMES-SP C,2521,2638
1389,HERMES,HERMES-TP A,2521,2639
1390,HERMES,HERMES-TP B,2521,2640
1391,HERMES,HERMES-TP C,2521,2641
1392,SunRISE,SunRISE 1,2523,2524
1393,SunRISE,SunRISE 2,2523,2524
1394,SunRISE,SunRISE 3,2523,2525
1395,SunRISE,SunRISE 4,2523,2526
1396,SunRISE,SunRISE 5,2523,2527
1397,SunRISE,SunRISE 6,2523,2528
1398,Amber,Amber 2,2532,2533
1399,Amber,Amber 3,2532,2533
1400,Bluefield,Bluefield 1,2541,2542
1401,Bluefield,Bluefield 2,2541,2542
1402,CLE,CLE A,2552,2553
1403,CLE,CLE B,2552,2553
1404,CLE,CLE C,2552,2554
1405,Diamond,Diamond 6U 1,2561,2562
1406,Diamond,Diamond 6U 2,2561,2562
1407,Diamond,Diamond 6U 3,2561,2563
1408,Diamond,Diamond 6U 4,2561,2564
1409,Diamond,Diamond 6U 5,2561,2565
1410,Diamond,Diamond 6U 6,2561,2566
1411,Diamond,Diamond 6U 7,2561,2567
1412,Diamond,Diamond 6U 8,2561,2568
1413,DODONA,DODONA-2?,2569,2570
1414,DODONA,DODONA-3?,2569,2570
1415,DODONA,DODONA-4?,2569,2571
1416,Flock,Flock-xx xx,2578,2579
1417,Helios,Helios 4,2610,2611
1418,Helios,Helios 5,2610,2611
1419,Helios,Helios 6,2610,2612
1420,Helios,Helios 7,2610,2613
1421,Helios,Helios 8,2610,2614
1422,Helios,Helios 9,2610,2615
1423,Helios,Helios 10,2610,2616
1424,Helios,Helios 11,2610,2617
1425,Helios,Helios 12,2610,2618
1426,Helios,Helios 13,2610,2619
1427,Helios,Helios 14,2610,2620
1428,Helios,Helios 15,2610,2621
1429,Helios,Helios 16,2610,2622
1430,Helios,Helios 17,2610,2623
1431,Helios,Helios 18,2610,2624
1432,Helios,Helios 19,2610,2625
1433,Helios,Helios 20,2610,2626
1434,Helios,Helios 21,2610,2627
1435,Helios,Helios 22,2610,2628
1436,Helios,Helios 23,2610,2629
1437,Helios,Helios 24,2610,2630
1438,Helios,Helios 25,2610,2631
1439,Helios,Helios 26,2610,2632
1440,Helios,Helios 27,2610,2633
1441,Helios,Helios 28,2610,2634
1442,Helios,Helios 29,2610,2635
1443,Helios,Helios 30,2610,2636
1444,HyperCube,HyperCube 2,2645,2646
1445,HyperCube,HyperCube 3,2645,2646
1446,HyperCube,HyperCube 4,2645,2647
1447,HyperCube,HyperCube 5,2645,2648
1448,HyperCube,HyperCube 6,2645,2649
1449,HyperCube,HyperCube 7,2645,2650
1450,HyperCube,HyperCube 8,2645,2651
1451,HyperCube,HyperCube 9,2645,2652
1452,HyperCube,HyperCube 10,2645,2653
1453,HyperCube,HyperCube 11,2645,2654
1454,HyperCube,HyperCube 12,2645,2655
1455,IOD,IOD Mission 2,2660,2661
1456,IOD,IOD Mission 4,2660,2661
1457,NorthStar,NorthStar Spire 1,2699,2700
1458,NorthStar,NorthStar Spire 2,2699,2700
1459,NorthStar,NorthStar Spire 3,2699,2701
1460,REC,REC 1,2718,2719
1461,REC,REC 2,2718,2719
1462,REC,REC 3,2718,2720
1463,REC,REC 4,2718,2721
1464,REC,REC 5,2718,2722
1465,REC,REC 6,2718,2723
1466,REC,REC 7,2718,2724
1467,REC,REC 8,2718,2725
1468,SWARM,SWARM-EX A,2748,2749
1469,SWARM,SWARM-EX B,2748,2749
1470,SWARM,SWARM-EX C,2748,2750
1471,TOM,TOM 1,2754,2755
1472,TOM,TOM 2,2754,2755
1473,TOM,TOM 3,2754,2756
1474,VISORS,VISORS A,2765,2766
1475,VISORS,VISORS B,2765,2766
1476,xSPANCION,xSPANCION 1,2769,2770
1477,xSPANCION,xSPANCION 2,2769,2770
1478,xSPANCION,xSPANCION 3,2769,2771
1479,xSPANCION,xSPANCION 4,2769,2772
1480,xSPANCION,xSPANCION 5,2769,2817
1481,xSPANCION,xSPANCION 6,2769,2818
1482,xSPANCION,xSPANCION 7,2769,2819
1483,xSPANCION,xSPANCION 8,2769,2820
1484,xSPANCION,xSPANCION 9,2769,2821
1485,xSPANCION,xSPANCION 10,2769,2822
1486,CHESS,CHESS A,2778,2779
1487,CHESS,CHESS B,2778,2779
1488,CHESS,CHESS C,2778,2780
1489,CHESS,CHESS D,2778,2781
1490,EZIE,EZIE A,2784,2785
1491,EZIE,EZIE B,2784,2785
1492,EZIE,EZIE C,2784,2786
1493,PISAT,PISAT A,2800,2801
1494,PISAT,PISAT B,2800,2801
1495,PISAT,PISAT C,2800,2802
1496,RACE,RACE 1,2805,2806
1497,RACE,RACE 2,2805,2806
1498,SCOUT,SCOUT-1 A,2807,2808
1499,SCOUT,SCOUT-1 B,2807,2808
1500,SCOUT,SCOUT-1 C,2807,2809
1501,TANGO,TANGO A,2814,2815
1502,TANGO,TANGO B,2814,2815
1503,Zeus,Zeus-MS 1,2823,2824
1504,Zeus,Zeus-MS 2,2823,2824
1505,Binar,Binar Prospector A,2833,2834
1506,Binar,Binar Prospector B,2833,2834
1507,CloudCT,CloudCT 1,2837,2838
1508,CloudCT,CloudCT 2,2837,2838
1509,CloudCT,CloudCT 3,2837,2839
1510,CloudCT,CloudCT 4,2837,2840
1511,CloudCT,CloudCT 5,2837,2841
1512,CloudCT,CloudCT 6,2837,2842
1513,CloudCT,CloudCT 7,2837,2843
1514,CloudCT,CloudCT 8,2837,2844
1515,CloudCT,CloudCT 9,2837,2845
1516,CloudCT,CloudCT 10,2837,2846
1517,Dock,Dock-Sat 1U Target,2852,2853
1518,Dock,Dock-Sat 2U,2852,2853
1519,DRACO,DRACO A (),2854,2855
1520,DRACO,DRACO B (),2854,2855
1521,SATURN,SATURN A,2867,2868
1522,SATURN,SATURN B,2867,2868
1523,SATURN,SATURN C,2867,2869
1524,SEIRIOS,SEIRIOS Line 1,2871,2872
1525,SEIRIOS,SEIRIOS Line 2,2871,2872
1526,SULIS,SULIS-A1,2875,2876
1527,SULIS,SULIS-A2,2875,2876
1528,SULIS,SULIS-B1,2875,2877
1529,SULIS,SULIS-B2,2875,2878
1530,SULIS,SULIS-E1,2875,2879
1531,SULIS,SULIS-E2,2875,2880
1532,AISTECH6U,AISTECH6U 1,2888,2889
1533,AISTECH6U,AISTECH6U 2,2888,2889
1534,AISTECH6U,AISTECH6U 3,2888,2890
1535,AISTECH6U,AISTECH6U 4,2888,2891
1536,BlueWalker,BlueWalker 2,2915,2916
1537,BlueWalker,BlueWalker 3,2915,2916
1538,Buccaneer,Buccaneer Flight 3 A,2918,2919
1539,Buccaneer,Buccaneer Flight 3 B,2918,2919
1540,Buccaneer,Buccaneer Flight 4 A,2918,2920
1541,Buccaneer,Buccaneer Flight 4 B,2918,2921
1542,Buccaneer,Buccaneer Flight 4 C,2918,2922
1543,Buccaneer,Buccaneer Flight 4 D,2918,2923
1544,CADRE,CADRE 1 Chaser,2925,2926
1545,CADRE,CADRE 1 Target,2925,2926
1546,Ceres,Ceres 1,2933,2934
1547,Ceres,Ceres 2,2933,2934
1548,Ceres,Ceres 3,2933,2935
1549,Ceres,Ceres 4,2933,2936
1550,Ceres,Ceres 5,2933,2937
1551,Ceres,Ceres 6,2933,2938
1552,Ceres,Ceres 7,2933,2939
1553,Ceres,Ceres 8,2933,2940
1554,Ceres,Ceres 9,2933,2941
1555,Ceres,Ceres 10,2933,2942
1556,CONASAT,CONASAT A,2949,2950
1557,CONASAT,CONASAT B,2949,2950
1558,DANU,DANU 1,2968,2969
1559,DANU,DANU 2,2968,2969
1560,DANU,DANU 3,2968,2970
1561,DANU,DANU 4,2968,2971
1562,DANU,DANU 5,2968,2972
1563,DANU,DANU 6,2968,2973
1564,DANU,DANU 7,2968,2974
1565,DANU,DANU 8,2968,2975
1566,DANU,DANU 9,2968,2976
1567,DANU,DANU 10,2968,2977
1568,DELFFI,DELFFI-1,2978,2979
1569,DELFFI,DELFFI-2,2978,2979
1570,FACE,FACE 1,3002,3003
1571,FACE,FACE 2,3002,3003
1572,FALCON,FALCON A,3004,3005
1573,FALCON,FALCON B,3004,3005
1574,GIOT,GIOT 1?,3011,3012
1575,GIOT,GIOT 2?,3011,3012
1576,GIOT,GIOT 3?,3011,3013
1577,Hera,Hera-2,3023,3024
1578,Hera,Hera-3,3023,3024
1579,Hera,Hera-4,3023,3025
1580,Hera,Hera-5,3023,3026
1581,Hera,Hera-6,3023,3027
1582,Hera,Hera-7,3023,3028
1583,Hera,Hera-8,3023,3029
1584,Hera,Hera-9,3023,3030
1585,INSPIRE,INSPIRE-A,3044,3045
1586,INSPIRE,INSPIRE-B,3044,3045
1587,Landmapper,Landmapper-BC 6,3056,3057
1588,Landmapper,Landmapper-BC 7,3056,3057
1589,Landmapper,Landmapper-BC 8,3056,3058
1590,Landmapper,Landmapper-HD 1,3056,3059
1591,Landmapper,Landmapper-HD 2,3056,3060
1592,Landmapper,Landmapper-HD 3,3056,3061
1593,Landmapper,Landmapper-HD 4,3056,3062
1594,Landmapper,Landmapper-HD 5,3056,3063
1595,Landmapper,Landmapper-HD 6,3056,3064
1596,Landmapper,Landmapper-HD 7,3056,3065
1597,Landmapper,Landmapper-HD 8,3056,3066
1598,Landmapper,Landmapper-HD 9,3056,3067
1599,Landmapper,Landmapper-HD 10,3056,3068
1600,Landmapper,Landmapper-HD 11,3056,3069
1601,Landmapper,Landmapper-HD 12,3056,3070
1602,Landmapper,Landmapper-HD 13,3056,3071
1603,Landmapper,Landmapper-HD 14,3056,3072
1604,Landmapper,Landmapper-HD 15,3056,3073
1605,Landmapper,Landmapper-HD 16,3056,3074
1606,Landmapper,Landmapper-HD 17,3056,3075
1607,Landmapper,Landmapper-HD 18,3056,3076
1608,Landmapper,Landmapper-HD 19,3056,3077
1609,Landmapper,Landmapper-HD 20,3056,3078
1610,MEPSI,MEPSI 3A,3093,3094
1611,MEPSI,MEPSI 3B,3093,3094
1612,MEPSI,MEPSI 4A,3095,3096
1613,MEPSI,MEPSI 4B,3095,3096
1614,OCEAN,OCEAN-SCAN 1,3109,3110
1615,OCEAN,OCEAN-SCAN 2,3109,3110
1616,OCEAN,OCEAN-SCAN 3,3109,3111
1617,OCEAN,OCEAN-SCAN 4,3109,3112
1618,OCEAN,OCEAN-SCAN 5,3109,3113
1619,OCEAN,OCEAN-SCAN 6,3109,3114
1620,Outernet,Outernet 1U Demo 1,3120,3121
1621,Outernet,Outernet 1U Demo 2,3120,3121
1622,Outernet,Outernet 1U Demo 3,3120,3122
1623,Outernet,Outernet 3U Demo 4 High Power,3120,3123
1624,PEARLS,PEARLS 1,3130,3131
1625,PEARLS,PEARLS 2,3130,3131
1626,PEARLS,PEARLS 3,3130,3132
1627,PEARLS,PEARLS 4,3130,3133
1628,PEARLS,PEARLS 5,3130,3134
1629,PEARLS,PEARLS 6,3130,3135
1630,PEARLS,PEARLS 7,3130,3136
1631,PEARLS,PEARLS 8,3130,3137
1632,PEARLS,PEARLS 9,3130,3138
1633,PEARLS,PEARLS 10,3130,3139
1634,PEARLS,PEARLS 11,3130,3140
1635,PEARLS,PEARLS 12,3130,3141
1636,PEARLS,PEARLS 13,3130,3142
1637,PEARLS,PEARLS 14,3130,3143
1638,PEARLS,PEARLS 15,3130,3144
1639,PEARLS,PEARLS 16,3130,3145
1640,PEARLS,PEARLS 17,3130,3146
1641,PEARLS,PEARLS 18,3130,3147
1642,PEARLS,PEARLS 19,3130,3148
1643,PEARLS,PEARLS 20,3130,3149
1644,PEARLS,PEARLS 21,3130,3150
1645,PEARLS,PEARLS 22,3130,3151
1646,PEARLS,PEARLS 23,3130,3152
1647,PEARLS,PEARLS 24,3130,3153
1648,PEARLS,PEARLS 25,3130,3154
1649,PEARLS,PEARLS 26,3130,3155
1650,PEARLS,PEARLS 27,3130,3156
1651,PEARLS,PEARLS 28,3130,3157
1652,PEARLS,PEARLS 29,3130,3158
1653,PEARLS,PEARLS 30,3130,3159
1654,PEARLS,PEARLS 31,3130,3160
1655,PEARLS,PEARLS 32,3130,3161
1656,PEARLS,PEARLS 33,3130,3162
1657,PEARLS,PEARLS 34,3130,3163
1658,PEARLS,PEARLS 35,3130,3164
1659,PEARLS,PEARLS 36,3130,3165
1660,PEARLS,PEARLS 37,3130,3166
1661,PEARLS,PEARLS 38,3130,3167
1662,PEARLS,PEARLS 39,3130,3168
1663,PEARLS,PEARLS 40,3130,3169
1664,PEARLS,PEARLS 41,3130,3170
1665,PEARLS,PEARLS 42,3130,3171
1666,PEARLS,PEARLS 43,3130,3172
1667,PEARLS,PEARLS 44,3130,3173
1668,PEARLS,PEARLS 45,3130,3174
1669,PEARLS,PEARLS 46,3130,3175
1670,PEARLS,PEARLS 47,3130,3176
1671,PEARLS,PEARLS 48,3130,3177
1672,PEARLS,PEARLS 49,3130,3178
1673,PEARLS,PEARLS 50,3130,3179
1674,PEARLS,PEARLS 51,3130,3180
1675,PEARLS,PEARLS 52,3130,3181
1676,PEARLS,PEARLS 53,3130,3182
1677,PEARLS,PEARLS 54,3130,3183
1678,PEARLS,PEARLS 55,3130,3184
1679,PEARLS,PEARLS 56,3130,3185
1680,PEARLS,PEARLS 57,3130,3186
1681,PEARLS,PEARLS 58,3130,3187
1682,PEARLS,PEARLS 59,3130,3188
1683,PEARLS,PEARLS 60,3130,3189
1684,PEARLS,PEARLS 61,3130,3190
1685,PEARLS,PEARLS 62,3130,3191
1686,PEARLS,PEARLS 63,3130,3192
1687,PEARLS,PEARLS 64,3130,3193
1688,PEARLS,PEARLS 65,3130,3194
1689,PEARLS,PEARLS 66,3130,3195
1690,PEARLS,PEARLS 67,3130,3196
1691,PEARLS,PEARLS 68,3130,3197
1692,PEARLS,PEARLS 69,3130,3198
1693,PEARLS,PEARLS 70,3130,3199
1694,PEARLS,PEARLS 71,3130,3200
1695,PEARLS,PEARLS 72,3130,3201
1696,PEARLS,PEARLS 73,3130,3202
1697,PEARLS,PEARLS 74,3130,3203
1698,PEARLS,PEARLS 75,3130,3204
1699,PEARLS,PEARLS 76,3130,3205
1700,PEARLS,PEARLS 77,3130,3206
1701,PEARLS,PEARLS 78,3130,3207
1702,PEARLS,PEARLS 79,3130,3208
1703,PEARLS,PEARLS 80,3130,3209
1704,PEARLS,PEARLS 81,3130,3210
1705,PEARLS,PEARLS 82,3130,3211
1706,PEARLS,PEARLS 83,3130,3212
1707,PEARLS,PEARLS 84,3130,3213
1708,PEARLS,PEARLS 85,3130,3214
1709,PEARLS,PEARLS 86,3130,3215
1710,PEARLS,PEARLS 87,3130,3216
1711,PEARLS,PEARLS 88,3130,3217
1712,PEARLS,PEARLS 89,3130,3218
1713,PEARLS,PEARLS 90,3130,3219
1714,PEARLS,PEARLS 91,3130,3220
1715,PEARLS,PEARLS 92,3130,3221
1716,PEARLS,PEARLS 93,3130,3222
1717,PEARLS,PEARLS 94,3130,3223
1718,PEARLS,PEARLS 95,3130,3224
1719,PEARLS,PEARLS 96,3130,3225
1720,PEARLS,PEARLS 97,3130,3226
1721,PEARLS,PEARLS 98,3130,3227
1722,PEARLS,PEARLS 99,3130,3228
1723,PEARLS,PEARLS 100,3130,3229
1724,PEARLS,PEARLS 101,3130,3230
1725,PEARLS,PEARLS 102,3130,3231
1726,PEARLS,PEARLS 103,3130,3232
1727,PEARLS,PEARLS 104,3130,3233
1728,PEARLS,PEARLS 105,3130,3234
1729,PEARLS,PEARLS 106,3130,3235
1730,PEARLS,PEARLS 107,3130,3236
1731,PEARLS,PEARLS 108,3130,3237
1732,PEARLS,PEARLS 109,3130,3238
1733,PEARLS,PEARLS 110,3130,3239
1734,PEARLS,PEARLS 111,3130,3240
1735,PEARLS,PEARLS 112,3130,3241
1736,PEARLS,PEARLS 113,3130,3242
1737,PEARLS,PEARLS 114,3130,3243
1738,PEARLS,PEARLS 115,3130,3244
1739,PEARLS,PEARLS 116,3130,3245
1740,PEARLS,PEARLS 117,3130,3246
1741,PEARLS,PEARLS 118,3130,3247
1742,PEARLS,PEARLS 119,3130,3248
1743,PEARLS,PEARLS 120,3130,3249
1744,PEARLS,PEARLS 121,3130,3250
1745,PEARLS,PEARLS 122,3130,3251
1746,PEARLS,PEARLS 123,3130,3252
1747,PEARLS,PEARLS 124,3130,3253
1748,PEARLS,PEARLS 125,3130,3254
1749,PEARLS,PEARLS 126,3130,3255
1750,PEARLS,PEARLS 127,3130,3256
1751,PEARLS,PEARLS 128,3130,3257
1752,PEARLS,PEARLS 129,3130,3258
1753,PEARLS,PEARLS 130,3130,3259
1754,PEARLS,PEARLS 131,3130,3260
1755,PEARLS,PEARLS 132,3130,3261
1756,PEARLS,PEARLS 133,3130,3262
1757,PEARLS,PEARLS 134,3130,3263
1758,PEARLS,PEARLS 135,3130,3264
1759,PEARLS,PEARLS 136,3130,3265
1760,PEARLS,PEARLS 137,3130,3266
1761,PEARLS,PEARLS 138,3130,3267
1762,PEARLS,PEARLS 139,3130,3268
1763,PEARLS,PEARLS 140,3130,3269
1764,PEARLS,PEARLS 141,3130,3270
1765,PEARLS,PEARLS 142,3130,3271
1766,PEARLS,PEARLS 143,3130,3272
1767,PEARLS,PEARLS 144,3130,3273
1768,PEARLS,PEARLS 145,3130,3274
1769,PEARLS,PEARLS 146,3130,3275
1770,PEARLS,PEARLS 147,3130,3276
1771,PEARLS,PEARLS 148,3130,3277
1772,PEARLS,PEARLS 149,3130,3278
1773,PEARLS,PEARLS 150,3130,3279
1774,PEARLS,PEARLS 151,3130,3280
1775,PEARLS,PEARLS 152,3130,3281
1776,PEARLS,PEARLS 153,3130,3282
1777,PEARLS,PEARLS 154,3130,3283
1778,PEARLS,PEARLS 155,3130,3284
1779,PEARLS,PEARLS 156,3130,3285
1780,PEARLS,PEARLS 157,3130,3286
1781,PEARLS,PEARLS 158,3130,3287
1782,PEARLS,PEARLS 159,3130,3288
1783,PEARLS,PEARLS 160,3130,3289
1784,PEARLS,PEARLS 161,3130,3290
1785,PEARLS,PEARLS 162,3130,3291
1786,PEARLS,PEARLS 163,3130,3292
1787,PEARLS,PEARLS 164,3130,3293
1788,PEARLS,PEARLS 165,3130,3294
1789,PEARLS,PEARLS 166,3130,3295
1790,PEARLS,PEARLS 167,3130,3296
1791,PEARLS,PEARLS 168,3130,3297
1792,PEARLS,PEARLS 169,3130,3298
1793,PEARLS,PEARLS 170,3130,3299
1794,PEARLS,PEARLS 171,3130,3300
1795,PEARLS,PEARLS 172,3130,3301
1796,PEARLS,PEARLS 173,3130,3302
1797,PEARLS,PEARLS 174,3130,3303
1798,PEARLS,PEARLS 175,3130,3304
1799,PEARLS,PEARLS 176,3130,3305
1800,PEARLS,PEARLS 177,3130,3306
1801,PEARLS,PEARLS 178,3130,3307
1802,PEARLS,PEARLS 179,3130,3308
1803,PEARLS,PEARLS 180,3130,3309
1804,PEARLS,PEARLS 181,3130,3310
1805,PEARLS,PEARLS 182,3130,3311
1806,PEARLS,PEARLS 183,3130,3312
1807,PEARLS,PEARLS 184,3130,3313
1808,PEARLS,PEARLS 185,3130,3314
1809,PEARLS,PEARLS 186,3130,3315
1810,PEARLS,PEARLS 187,3130,3316
1811,PEARLS,PEARLS 188,3130,3317
1812,PEARLS,PEARLS 189,3130,3318
1813,PEARLS,PEARLS 190,3130,3319
1814,PEARLS,PEARLS 191,3130,3320
1815,PEARLS,PEARLS 192,3130,3321
1816,PEARLS,PEARLS 193,3130,3322
1817,PEARLS,PEARLS 194,3130,3323
1818,PEARLS,PEARLS 195,3130,3324
1819,PEARLS,PEARLS 196,3130,3325
1820,PEARLS,PEARLS 197,3130,3326
1821,PEARLS,PEARLS 198,3130,3327
1822,PEARLS,PEARLS 199,3130,3328
1823,PEARLS,PEARLS 200,3130,3329
1824,Perseus,Perseus-O 1,3330,3331
1825,Perseus,Perseus-O 2,3330,3331
1826,Perseus,Perseus-O 3,3330,3332
1827,Perseus,Perseus-O 4,3330,3333
1828,Perseus,Perseus-O 5,3330,3334
1829,Perseus,Perseus-O 6,3330,3335
1830,Perseus,Perseus-O 7,3330,3336
1831,Perseus,Perseus-O 8,3330,3337
1832,PQ,PQ-Gemini++ 1,3348,3349
1833,PQ,PQ-Gemini++ 2,3348,3349
1834,PQ,PQ-Gemini++ 3,3348,3350
1835,PQ,PQ-Gemini++ 4,3348,3351
1836,QuARCS,QuARCS A,3357,3358
1837,QuARCS,QuARCS B,3357,3358
1838,Rascal,Rascal A,3363,3364
1839,Rascal,Rascal B,3363,3364
1840,RoBiSat,RoBiSat-1,3369,3370
1841,RoBiSat,RoBiSat-2,3369,3370
1842,Rupercorp,Rupercorp Constellation 1,3375,3376
1843,Rupercorp,Rupercorp Constellation 2,3375,3376
1844,Rupercorp,Rupercorp Constellation 3,3375,3377
1845,RyeF3Ex,RyeF3Ex-1,3379,3380
1846,RyeF3Ex,RyeF3Ex-2,3379,3380
1847,SCION,SCION 1,3386,3387
1848,SCION,SCION 2,3386,3387
1849,SMDC,SMDC-ONE 2.5,3397,3398
1850,SMDC,SMDC-ONE 2.6,3397,3398
1851,SMDC,SMDC-ONE 2.7,3397,3399
1852,SpaceTime,SpaceTime 1,3405,3406
1853,SpaceTime,SpaceTime 2,3405,3406
1854,Starling,Starling 1,3409,3410
1855,Starling,Starling 2,3409,3410
1856,Starling,Starling 3,3409,3411
1857,Starling,Starling 4,3409,3412
1858,Starling,Starling 5,3409,3413
1859,Starling,Starling 6,3409,3414
1860,Starling,Starling 7,3409,3415
1861,Starling,Starling 8,3409,3416
1862,STRaND,STRaND-2A,3417,3418
1863,STRaND,STRaND-2B,3417,3418
1864,TetherSat,TetherSat 1,3431,3432
1865,TetherSat,TetherSat 2,3431,3432
1866,Tomsk,Tomsk-TPU 1 TBD,3435,3436
1867,Tomsk,Tomsk-TPU 2 TBD,3435,3436
1868,TY1,TY1-03,3445,3446
1869,TY1,TY1-04,3445,3446
